Gene_set,Term,Overlap,P-value,Adjusted P-value,Old P-value,Old Adjusted P-value,Odds Ratio,Combined Score,Genes,Library,Experiment
GO_Biological_Process_2023,Cellular Response To Peptide Hormone Stimulus (GO:0071375),2/89,0.0035313354289598,0.0959865162546924,0,0,25.406130268199234,143.44502292528725,CYP11A1;ADIPOQ,GO_Biological_Process_2023,RR1_all_noninv
GO_Biological_Process_2023,Calcium Ion Homeostasis (GO:0055074),2/102,0.0046090529183839,0.0959865162546924,0,0,22.08888888888889,118.83232192165296,CCL7;CIB3,GO_Biological_Process_2023,RR1_all_noninv
GO_Biological_Process_2023,Glucocorticoid Biosynthetic Process (GO:0006704),1/5,0.0049904406959516,0.0959865162546924,0,0,262.8421052631579,1393.123889480945,CYP11A1,GO_Biological_Process_2023,RR1_all_noninv
GO_Biological_Process_2023,Centromeric Sister Chromatid Cohesion (GO:0070601),1/5,0.0049904406959516,0.0959865162546924,0,0,262.8421052631579,1393.123889480945,BUB1,GO_Biological_Process_2023,RR1_all_noninv
GO_Biological_Process_2023,Response To Tumor Necrosis Factor (GO:0034612),2/108,0.0051515748448776,0.0959865162546924,0,0,20.832285115303986,109.75391117798864,CCL7;ADIPOQ,GO_Biological_Process_2023,RR1_all_noninv
GO_Biological_Process_2023,Inositol Metabolic Process (GO:0006020),1/6,0.0059856908667451,0.0959865162546924,0,0,210.26315789473685,1076.2074808846232,MIOX,GO_Biological_Process_2023,RR1_all_noninv
GO_Biological_Process_2023,Regulation Of Sister Chromatid Cohesion (GO:0007063),1/8,0.0079733565142536,0.0959865162546924,0,0,150.17293233082708,725.5830081396662,BUB1,GO_Biological_Process_2023,RR1_all_noninv
GO_Biological_Process_2023,Epithelial Cell Differentiation (GO:0030855),2/132,0.0075988978232358,0.0959865162546924,0,0,16.965811965811966,82.78895598246491,CDHR2;GSTA1,GO_Biological_Process_2023,RR1_all_noninv
GO_Biological_Process_2023,Glucocorticoid Metabolic Process (GO:0008211),1/7,0.0069799958941807,0.0959865162546924,0,0,175.21052631578948,869.8689177892479,CYP11A1,GO_Biological_Process_2023,RR1_all_noninv
GO_Biological_Process_2023,Regulation Of Microvillus Organization (GO:0032530),1/7,0.0069799958941807,0.0959865162546924,0,0,175.21052631578948,869.8689177892479,CDHR2,GO_Biological_Process_2023,RR1_all_noninv
GO_Biological_Process_2023,Regulation Of Natural Killer Cell Chemotaxis (GO:2000501),1/6,0.0059856908667451,0.0959865162546924,0,0,210.26315789473685,1076.2074808846232,CCL7,GO_Biological_Process_2023,RR1_all_noninv
GO_Biological_Process_2023,Negative Regulation Of Low-Density Lipoprotein Receptor Activity (GO:1905598),1/6,0.0059856908667451,0.0959865162546924,0,0,210.26315789473685,1076.2074808846232,ADIPOQ,GO_Biological_Process_2023,RR1_all_noninv
GO_Biological_Process_2023,Negative Regulation Of Receptor Binding (GO:1900121),1/9,0.0089657734963174,0.0959865162546924,0,0,131.39473684210526,619.439581424405,ADIPOQ,GO_Biological_Process_2023,RR1_all_noninv
GO_Biological_Process_2023,Regulation Of Receptor Binding (GO:1900120),1/9,0.0089657734963174,0.0959865162546924,0,0,131.39473684210526,619.439581424405,ADIPOQ,GO_Biological_Process_2023,RR1_all_noninv
GO_Biological_Process_2023,Positive Regulation Of Protein Kinase A Signaling (GO:0010739),1/9,0.0089657734963174,0.0959865162546924,0,0,131.39473684210526,619.439581424405,ADIPOQ,GO_Biological_Process_2023,RR1_all_noninv
GO_Biological_Process_2023,Mitotic DNA Replication Checkpoint Signaling (GO:0033314),1/9,0.0089657734963174,0.0959865162546924,0,0,131.39473684210526,619.439581424405,ORC1,GO_Biological_Process_2023,RR1_all_noninv
GO_Biological_Process_2023,Brown Fat Cell Differentiation (GO:0050873),1/8,0.0079733565142536,0.0959865162546924,0,0,150.17293233082708,725.5830081396662,ADIPOQ,GO_Biological_Process_2023,RR1_all_noninv
GO_Biological_Process_2023,Positive Regulation Of Lipid Transport (GO:0032370),1/11,0.0109477797028559,0.098754610833675,0,0,105.10526315789474,474.5101770765117,ADIPOQ,GO_Biological_Process_2023,RR1_all_noninv
GO_Biological_Process_2023,Mitotic DNA Integrity Checkpoint Signaling (GO:0044774),1/12,0.0119373705403343,0.098754610833675,0,0,95.54545454545456,423.0830518492731,ORC1,GO_Biological_Process_2023,RR1_all_noninv
GO_Biological_Process_2023,Regulation Of Vascular Associated Smooth Muscle Cell Migration (GO:1904752),1/12,0.0119373705403343,0.098754610833675,0,0,95.54545454545456,423.0830518492731,ADIPOQ,GO_Biological_Process_2023,RR1_all_noninv
GO_Cellular_Component_2023,Microvillus Membrane (GO:0031528),1/13,0.0129260209528938,0.1390405115263952,0,0,87.57894736842105,380.8381798737429,CDHR2,GO_Cellular_Component_2023,RR1_all_noninv
GO_Cellular_Component_2023,Dense Core Granule (GO:0031045),1/16,0.0158863378646896,0.1390405115263952,0,0,70.05263157894737,290.1787210723924,MYRIP,GO_Cellular_Component_2023,RR1_all_noninv
GO_Cellular_Component_2023,Sodium Channel Complex (GO:0034706),1/18,0.0178551954764704,0.1390405115263952,0,0,61.80495356037152,248.79341471282052,SCN2A,GO_Cellular_Component_2023,RR1_all_noninv
GO_Cellular_Component_2023,Aggresome (GO:0016235),1/35,0.0344400804224879,0.1390405115263952,0,0,30.876160990712076,104.00740624656504,TRIM66,GO_Cellular_Component_2023,RR1_all_noninv
GO_Cellular_Component_2023,Brush Border Membrane (GO:0031526),1/40,0.039267132268101,0.1390405115263952,0,0,26.910931174089068,87.12057233834933,CDHR2,GO_Cellular_Component_2023,RR1_all_noninv
GO_Cellular_Component_2023,Cortical Actin Cytoskeleton (GO:0030864),1/44,0.0431122594296053,0.1390405115263952,0,0,24.402692778457773,76.72079424655034,MYRIP,GO_Cellular_Component_2023,RR1_all_noninv
GO_Cellular_Component_2023,Voltage-Gated Calcium Channel Complex (GO:0005891),1/49,0.0478981120694178,0.1390405115263952,0,0,21.855263157894736,66.41113333547993,SCN2A,GO_Cellular_Component_2023,RR1_all_noninv
GO_Cellular_Component_2023,Cation Channel Complex (GO:0034703),1/53,0.051710413228189,0.1390405115263952,0,0,20.17004048582996,59.74559828701417,SCN2A,GO_Cellular_Component_2023,RR1_all_noninv
GO_Cellular_Component_2023,Microvillus (GO:0005902),1/58,0.0564553994621354,0.1390405115263952,0,0,18.39612188365651,52.87605301742885,CDHR2,GO_Cellular_Component_2023,RR1_all_noninv
GO_Cellular_Component_2023,Calcium Channel Complex (GO:0034704),1/59,0.0574016861834188,0.1390405115263952,0,0,18.07803992740472,51.661282065881295,SCN2A,GO_Cellular_Component_2023,RR1_all_noninv
GO_Cellular_Component_2023,Cortical Cytoskeleton (GO:0030863),1/63,0.0611778250716139,0.1390405115263952,0,0,16.908319185059423,47.24134484792992,MYRIP,GO_Cellular_Component_2023,RR1_all_noninv
GO_Cellular_Component_2023,Golgi Lumen (GO:0005796),1/100,0.0954324164624814,0.1922486577073882,0,0,10.569377990430622,24.83103038927071,MUC16,GO_Cellular_Component_2023,RR1_all_noninv
GO_Cellular_Component_2023,Cell Projection Membrane (GO:0031253),1/105,0.0999693020078418,0.1922486577073882,0,0,10.058704453441296,23.16411122367751,CDHR2,GO_Cellular_Component_2023,RR1_all_noninv
GO_Cellular_Component_2023,Axon (GO:0030424),1/205,0.1862937094122744,0.3290895077690857,0,0,5.102167182662539,8.573838716448728,SCN2A,GO_Cellular_Component_2023,RR1_all_noninv
GO_Cellular_Component_2023,Intracellular Organelle Lumen (GO:0070013),2/856,0.2102017363788016,0.3290895077690857,0,0,2.488420504813948,3.881158505332985,MUC16;CYP11A1,GO_Cellular_Component_2023,RR1_all_noninv
GO_Cellular_Component_2023,Vesicle (GO:0031982),1/235,0.2106172849722148,0.3290895077690857,0,0,4.441295546558704,6.918262067655786,MUC16,GO_Cellular_Component_2023,RR1_all_noninv
GO_Cellular_Component_2023,Actin Cytoskeleton (GO:0015629),1/327,0.2809756474487896,0.3923493583012304,0,0,3.173070713593801,4.028172900840054,MYRIP,GO_Cellular_Component_2023,RR1_all_noninv
GO_Cellular_Component_2023,Mitochondrial Matrix (GO:0005759),1/355,0.3011781751653161,0.3923493583012304,0,0,2.9179304192685103,3.5016718691800843,CYP11A1,GO_Cellular_Component_2023,RR1_all_noninv
GO_Cellular_Component_2023,Mitochondrial Inner Membrane (GO:0005743),1/370,0.3117779429625869,0.3923493583012304,0,0,2.797175866495507,3.2600079582360446,CYP11A1,GO_Cellular_Component_2023,RR1_all_noninv
GO_Cellular_Component_2023,Collagen-Containing Extracellular Matrix (GO:0062023),1/373,0.3138794866409843,0.3923493583012304,0,0,2.774193548387097,3.2145861414048014,ADIPOQ,GO_Cellular_Component_2023,RR1_all_noninv
GO_Molecular_Function_2023,"Intramolecular Oxidoreductase Activity, Transposing C=C Bonds (GO:0016863)",1/12,0.0119373705403343,0.0877923648915047,0,0,95.54545454545456,423.0830518492731,GSTA1,GO_Molecular_Function_2023,RR1_all_noninv
GO_Molecular_Function_2023,DNA Replication Origin Binding (GO:0003688),1/13,0.0129260209528938,0.0877923648915047,0,0,87.57894736842105,380.8381798737429,ORC1,GO_Molecular_Function_2023,RR1_all_noninv
GO_Molecular_Function_2023,Aldo-Keto Reductase (NADP) Activity (GO:0004033),1/14,0.01391373176082,0.0877923648915047,0,0,80.83805668016194,345.57291333057793,MIOX,GO_Molecular_Function_2023,RR1_all_noninv
GO_Molecular_Function_2023,Calcium-Dependent Cysteine-Type Endopeptidase Activity (GO:0004198),1/14,0.01391373176082,0.0877923648915047,0,0,80.83805668016194,345.57291333057793,CAPN12,GO_Molecular_Function_2023,RR1_all_noninv
GO_Molecular_Function_2023,Voltage-Gated Sodium Channel Activity (GO:0005248),1/19,0.0188382206720142,0.0877923648915047,0,0,58.36842105263158,231.8316321803268,SCN2A,GO_Molecular_Function_2023,RR1_all_noninv
GO_Molecular_Function_2023,Steroid Hydroxylase Activity (GO:0008395),1/23,0.0227609834903901,0.0877923648915047,0,0,47.74641148325359,180.6107068727385,CYP11A1,GO_Molecular_Function_2023,RR1_all_noninv
GO_Molecular_Function_2023,High Voltage-Gated Calcium Channel Activity (GO:0008331),1/23,0.0227609834903901,0.0877923648915047,0,0,47.74641148325359,180.6107068727385,SCN2A,GO_Molecular_Function_2023,RR1_all_noninv
GO_Molecular_Function_2023,Glutathione Transferase Activity (GO:0004364),1/28,0.0276434890482457,0.0932967755378293,0,0,38.89473684210526,139.56851455439977,GSTA1,GO_Molecular_Function_2023,RR1_all_noninv
GO_Molecular_Function_2023,Sodium Channel Activity (GO:0005272),1/37,0.0363736593292806,0.1014629884242115,0,0,29.157894736842103,96.62665093408292,SCN2A,GO_Molecular_Function_2023,RR1_all_noninv
GO_Molecular_Function_2023,CCR Chemokine Receptor Binding (GO:0048020),1/44,0.0431122594296053,0.1014629884242115,0,0,24.402692778457773,76.72079424655034,CCL7,GO_Molecular_Function_2023,RR1_all_noninv
GO_Molecular_Function_2023,Chemokine Activity (GO:0008009),1/46,0.0450293363875485,0.1014629884242115,0,0,23.31578947368421,72.28923154104575,CCL7,GO_Molecular_Function_2023,RR1_all_noninv
GO_Molecular_Function_2023,Voltage-Gated Calcium Channel Activity (GO:0005245),1/47,0.0459865060964822,0.1014629884242115,0,0,22.80778032036613,70.23444455974413,SCN2A,GO_Molecular_Function_2023,RR1_all_noninv
GO_Molecular_Function_2023,Chemokine Receptor Binding (GO:0042379),1/50,0.0488525499820277,0.1014629884242115,0,0,21.40816326530612,64.63014669364038,CCL7,GO_Molecular_Function_2023,RR1_all_noninv
GO_Molecular_Function_2023,Myosin Binding (GO:0017022),1/54,0.0526612202157059,0.1015609247017186,0,0,19.788480635551142,58.25483230121243,MYRIP,GO_Molecular_Function_2023,RR1_all_noninv
GO_Molecular_Function_2023,Hormone Activity (GO:0005179),1/74,0.0714882479432861,0.128678846297915,0,0,14.352559480894016,37.865241152955655,ADIPOQ,GO_Molecular_Function_2023,RR1_all_noninv
GO_Molecular_Function_2023,Heme Binding (GO:0020037),1/87,0.0835346163259223,0.1409646650499939,0,0,12.175030599755202,30.22444243789128,CYP11A1,GO_Molecular_Function_2023,RR1_all_noninv
GO_Molecular_Function_2023,"Oxidoreductase Activity, Acting On The CH-OH Group Of Donors, NAD Or NADP As Acceptor (GO:0016616)",1/95,0.0908738104379916,0.1443289930485748,0,0,11.13437849944009,26.70339549535462,MIOX,GO_Molecular_Function_2023,RR1_all_noninv
GO_Molecular_Function_2023,Cysteine-Type Endopeptidase Activity (GO:0004197),1/106,0.1008740813042086,0.1513111219563129,0,0,9.962406015037594,22.852586421851232,CAPN12,GO_Molecular_Function_2023,RR1_all_noninv
GO_Molecular_Function_2023,Magnesium Ion Binding (GO:0000287),1/155,0.1441648985018541,0.2048659083973717,0,0,6.775803144224197,13.123358631426164,CIB3,GO_Molecular_Function_2023,RR1_all_noninv
GO_Molecular_Function_2023,Cytokine Activity (GO:0005125),1/178,0.1637952066689923,0.2160073151756327,0,0,5.888492417484389,10.653097581617864,CCL7,GO_Molecular_Function_2023,RR1_all_noninv
Reactome_2022,AMPK Inhibits chREBP Transcriptional Activity R-HSA-163680,1/8,0.0079733565142536,0.1398589539931831,0,0,150.17293233082708,725.5830081396662,ADIPOQ,Reactome_2022,RR1_all_noninv
Reactome_2022,Pregnenolone Biosynthesis R-HSA-196108,1/12,0.0119373705403343,0.1398589539931831,0,0,95.54545454545456,423.0830518492731,CYP11A1,Reactome_2022,RR1_all_noninv
Reactome_2022,"Synthesis Of IP2, IP, And Ins In Cytosol R-HSA-1855183",1/14,0.01391373176082,0.1398589539931831,0,0,80.83805668016194,345.57291333057793,MIOX,Reactome_2022,RR1_all_noninv
Reactome_2022,Heme Degradation R-HSA-189483,1/16,0.0158863378646896,0.1398589539931831,0,0,70.05263157894737,290.1787210723924,GSTA1,Reactome_2022,RR1_all_noninv
Reactome_2022,Defective GALNT12 Causes CRCS1 R-HSA-5083636,1/18,0.0178551954764704,0.1398589539931831,0,0,61.80495356037152,248.79341471282052,MUC16,Reactome_2022,RR1_all_noninv
Reactome_2022,Defective GALNT3 Causes HFTC R-HSA-5083625,1/18,0.0178551954764704,0.1398589539931831,0,0,61.80495356037152,248.79341471282052,MUC16,Reactome_2022,RR1_all_noninv
Reactome_2022,Defective C1GALT1C1 Causes TNPS R-HSA-5083632,1/19,0.0188382206720142,0.1398589539931831,0,0,58.36842105263158,231.8316321803268,MUC16,Reactome_2022,RR1_all_noninv
Reactome_2022,Interaction Between L1 And Ankyrins R-HSA-445095,1/29,0.0286172054274548,0.1398589539931831,0,0,37.50375939849624,133.2788782141628,SCN2A,Reactome_2022,RR1_all_noninv
Reactome_2022,Phase 0 - Rapid Depolarisation R-HSA-5576892,1/32,0.0315328000758389,0.1398589539931831,0,0,33.869269949066215,117.07681999296598,SCN2A,Reactome_2022,RR1_all_noninv
Reactome_2022,Metabolic Disorders Of Biological Oxidation Enzymes R-HSA-5579029,1/34,0.0334719094011011,0.1398589539931831,0,0,31.8133971291866,108.07165990908112,CYP11A1,Reactome_2022,RR1_all_noninv
Reactome_2022,Metabolism Of Steroid Hormones R-HSA-196071,1/35,0.0344400804224879,0.1398589539931831,0,0,30.876160990712076,104.00740624656504,CYP11A1,Reactome_2022,RR1_all_noninv
Reactome_2022,Glutathione Conjugation R-HSA-156590,1/36,0.0354073301248565,0.1398589539931831,0,0,29.99248120300752,100.19997336732251,GSTA1,Reactome_2022,RR1_all_noninv
Reactome_2022,Biological Oxidations R-HSA-211859,2/218,0.0197495239828731,0.1398589539931831,0,0,10.166666666666666,39.90036321559448,CYP11A1;GSTA1,Reactome_2022,RR1_all_noninv
Reactome_2022,Azathioprine ADME R-HSA-9748787,1/21,0.0208014680109953,0.1398589539931831,0,0,52.526315789473685,203.4203291515269,GSTA1,Reactome_2022,RR1_all_noninv
Reactome_2022,Termination Of O-glycan Biosynthesis R-HSA-977068,1/25,0.0247167737784927,0.1398589539931831,0,0,43.76315789473684,161.93563879493826,MUC16,Reactome_2022,RR1_all_noninv
Reactome_2022,Diseases Of Metabolism R-HSA-5668914,2/247,0.024933446308212,0.1398589539931831,0,0,8.950113378684808,33.0397476493726,MUC16;CYP11A1,Reactome_2022,RR1_all_noninv
Reactome_2022,Endogenous Sterols R-HSA-211976,1/27,0.0266688455361458,0.1398589539931831,0,0,40.392712550607285,146.39366123411943,CYP11A1,Reactome_2022,RR1_all_noninv
Reactome_2022,Insulin Processing R-HSA-264876,1/27,0.0266688455361458,0.1398589539931831,0,0,40.392712550607285,146.39366123411943,MYRIP,Reactome_2022,RR1_all_noninv
Reactome_2022,Metabolism Of Porphyrins R-HSA-189445,1/28,0.0276434890482457,0.1398589539931831,0,0,38.89473684210526,139.56851455439977,GSTA1,Reactome_2022,RR1_all_noninv
Reactome_2022,Dectin-2 Family R-HSA-5621480,1/29,0.0286172054274548,0.1398589539931831,0,0,37.50375939849624,133.2788782141628,MUC16,Reactome_2022,RR1_all_noninv
ARCHS4_Tissues,PODOCYTE,1/2316,0.914792739774386,0.914792739774386,0,0,0.4016141866545413,0.0357668571458321,SCN2A,ARCHS4_Tissues,RR1_all_noninv
ARCHS4_Tissues,PREADIPOCYTE,1/2316,0.914792739774386,0.914792739774386,0,0,0.4016141866545413,0.0357668571458321,BUB1,ARCHS4_Tissues,RR1_all_noninv
ARCHS4_Tissues,PREFRONTAL CORTEX,1/2316,0.914792739774386,0.914792739774386,0,0,0.4016141866545413,0.0357668571458321,SCN2A,ARCHS4_Tissues,RR1_all_noninv
ARCHS4_Tissues,RENAL CORTEX,1/2316,0.914792739774386,0.914792739774386,0,0,0.4016141866545413,0.0357668571458321,CDHR2,ARCHS4_Tissues,RR1_all_noninv
ARCHS4_Tissues,SKIN (BULK TISSUE),1/2316,0.914792739774386,0.914792739774386,0,0,0.4016141866545413,0.0357668571458321,MUC16,ARCHS4_Tissues,RR1_all_noninv
ARCHS4_Tissues,THYROID (BULK TISSUE),1/2316,0.914792739774386,0.914792739774386,0,0,0.4016141866545413,0.0357668571458321,MUC16,ARCHS4_Tissues,RR1_all_noninv
ARCHS4_Tissues,VALVE,1/2316,0.914792739774386,0.914792739774386,0,0,0.4016141866545413,0.0357668571458321,MYRIP,ARCHS4_Tissues,RR1_all_noninv
ARCHS4_Tissues,VENTRICLE,1/2316,0.914792739774386,0.914792739774386,0,0,0.4016141866545413,0.0357668571458321,ADIPOQ,ARCHS4_Tissues,RR1_all_noninv
ARCHS4_Tissues,HEPATOCYTE,5/2316,0.0730373747807008,0.914792739774386,0,0,2.548535987307082,6.668968158196296,CAPN12;CYP11A1;CDHR2;GSTA1;MYRIP,ARCHS4_Tissues,RR1_all_noninv
ARCHS4_Tissues,HUMAN ZYGOTE,5/2316,0.0730373747807008,0.914792739774386,0,0,2.548535987307082,6.668968158196296,ORC1;MUC16;CYP11A1;MYRIP;BUB1,ARCHS4_Tissues,RR1_all_noninv
ARCHS4_Tissues,LIVER (BULK TISSUE),5/2316,0.0730373747807008,0.914792739774386,0,0,2.548535987307082,6.668968158196296,CAPN12;CYP11A1;CDHR2;GSTA1;MYRIP,ARCHS4_Tissues,RR1_all_noninv
ARCHS4_Tissues,TESTIS (BULK TISSUE),5/2316,0.0730373747807008,0.914792739774386,0,0,2.548535987307082,6.668968158196296,MUC16;CYP11A1;GSTA1;MYRIP;TRIM66,ARCHS4_Tissues,RR1_all_noninv
ARCHS4_Tissues,GASTRIC TISSUE (BULK),4/2316,0.1946528470717033,0.914792739774386,0,0,1.9104671280276817,3.126551247338193,MUC16;CDHR2;GSTA1;MYRIP,ARCHS4_Tissues,RR1_all_noninv
ARCHS4_Tissues,MORULA,4/2316,0.1946528470717033,0.914792739774386,0,0,1.9104671280276817,3.126551247338193,ORC1;MUC16;CYP11A1;BUB1,ARCHS4_Tissues,RR1_all_noninv
ARCHS4_Tissues,NEURONAL PROGENITOR CELLS,4/2316,0.1946528470717033,0.914792739774386,0,0,1.9104671280276817,3.126551247338193,MIOX;ORC1;ADIPOQ;BUB1,ARCHS4_Tissues,RR1_all_noninv
ARCHS4_Tissues,OOCYTE,4/2316,0.1946528470717033,0.914792739774386,0,0,1.9104671280276817,3.126551247338193,MUC16;CYP11A1;MYRIP;BUB1,ARCHS4_Tissues,RR1_all_noninv
ARCHS4_Tissues,CEREBELLUM,3/2316,0.4132336912686133,0.914792739774386,0,0,1.3479056992446783,1.1912008887390095,MYRIP;SCN2A;BUB1,ARCHS4_Tissues,RR1_all_noninv
ARCHS4_Tissues,CHONDROCYTE,3/2316,0.4132336912686133,0.914792739774386,0,0,1.3479056992446783,1.1912008887390095,CCL7;MYRIP;SCN2A,ARCHS4_Tissues,RR1_all_noninv
ARCHS4_Tissues,COLONIC MUCOSA,3/2316,0.4132336912686133,0.914792739774386,0,0,1.3479056992446783,1.1912008887390095,MUC16;ADIPOQ;CDHR2,ARCHS4_Tissues,RR1_all_noninv
ARCHS4_Tissues,GRANULOSA CELL,3/2316,0.4132336912686133,0.914792739774386,0,0,1.3479056992446783,1.1912008887390095,CYP11A1;GSTA1;MYRIP,ARCHS4_Tissues,RR1_all_noninv
Rare_Diseases_AutoRIF_Gene_Lists,Nelson syndrome,3/181,0.0007419626894368861,0.1899424484958428,0,0,19.63185723727693,141.47131734964722,CYP11A1;ADIPOQ;SCN2A,Rare_Diseases_AutoRIF_Gene_Lists,RR1_all_noninv
Rare_Diseases_AutoRIF_Gene_Lists,Athetosis,1/113,0.1071833849179316,0.1938629624694713,0,0,9.336466165413531,20.8503272666542,SCN2A,Rare_Diseases_AutoRIF_Gene_Lists,RR1_all_noninv
Rare_Diseases_AutoRIF_Gene_Lists,Trihydroxycholestanoylcoa oxidase isolated deficiency,1/108,0.1026810483364275,0.1938629624694713,0,0,9.775209050664044,22.249624223401657,CYP11A1,Rare_Diseases_AutoRIF_Gene_Lists,RR1_all_noninv
Rare_Diseases_AutoRIF_Gene_Lists,ACTH deficiency,1/109,0.1035832376271884,0.1938629624694713,0,0,9.68421052631579,21.95778295069413,CYP11A1,Rare_Diseases_AutoRIF_Gene_Lists,RR1_all_noninv
Rare_Diseases_AutoRIF_Gene_Lists,Lysosomal Acid Lipase Deficiency,1/110,0.1044845651566293,0.1938629624694713,0,0,9.594881699662,21.67211204877382,CYP11A1,Rare_Diseases_AutoRIF_Gene_Lists,RR1_all_noninv
Rare_Diseases_AutoRIF_Gene_Lists,Selenium poisoning,1/110,0.1044845651566293,0.1938629624694713,0,0,9.594881699662,21.67211204877382,CYP11A1,Rare_Diseases_AutoRIF_Gene_Lists,RR1_all_noninv
Rare_Diseases_AutoRIF_Gene_Lists,Hypoadrenalism,1/110,0.1044845651566293,0.1938629624694713,0,0,9.594881699662,21.67211204877382,CYP11A1,Rare_Diseases_AutoRIF_Gene_Lists,RR1_all_noninv
Rare_Diseases_AutoRIF_Gene_Lists,Lafora disease,1/110,0.1044845651566293,0.1938629624694713,0,0,9.594881699662,21.67211204877382,SCN2A,Rare_Diseases_AutoRIF_Gene_Lists,RR1_all_noninv
Rare_Diseases_AutoRIF_Gene_Lists,Hyperlipoproteinemia type 2,1/112,0.1062846380154363,0.1938629624694713,0,0,9.421052631578949,21.11855678854484,ADIPOQ,Rare_Diseases_AutoRIF_Gene_Lists,RR1_all_noninv
Rare_Diseases_AutoRIF_Gene_Lists,Conversion disorder,1/112,0.1062846380154363,0.1938629624694713,0,0,9.421052631578949,21.11855678854484,CYP11A1,Rare_Diseases_AutoRIF_Gene_Lists,RR1_all_noninv
Rare_Diseases_AutoRIF_Gene_Lists,Kimura disease,1/112,0.1062846380154363,0.1938629624694713,0,0,9.421052631578949,21.11855678854484,ADIPOQ,Rare_Diseases_AutoRIF_Gene_Lists,RR1_all_noninv
Rare_Diseases_AutoRIF_Gene_Lists,Ohtahara syndrome,1/113,0.1071833849179316,0.1938629624694713,0,0,9.336466165413531,20.8503272666542,SCN2A,Rare_Diseases_AutoRIF_Gene_Lists,RR1_all_noninv
Rare_Diseases_AutoRIF_Gene_Lists,Eclampsia,1/113,0.1071833849179316,0.1938629624694713,0,0,9.336466165413531,20.8503272666542,ADIPOQ,Rare_Diseases_AutoRIF_Gene_Lists,RR1_all_noninv
Rare_Diseases_AutoRIF_Gene_Lists,Choriocarcinoma,1/108,0.1026810483364275,0.1938629624694713,0,0,9.775209050664044,22.249624223401657,CYP11A1,Rare_Diseases_AutoRIF_Gene_Lists,RR1_all_noninv
Rare_Diseases_AutoRIF_Gene_Lists,Balkan endemic nephropathy,1/113,0.1071833849179316,0.1938629624694713,0,0,9.336466165413531,20.8503272666542,GSTA1,Rare_Diseases_AutoRIF_Gene_Lists,RR1_all_noninv
Rare_Diseases_AutoRIF_Gene_Lists,Cough headache,1/113,0.1071833849179316,0.1938629624694713,0,0,9.336466165413531,20.8503272666542,ADIPOQ,Rare_Diseases_AutoRIF_Gene_Lists,RR1_all_noninv
Rare_Diseases_AutoRIF_Gene_Lists,Spongiform encephalopathy,1/114,0.1080812731653967,0.1938629624694713,0,0,9.253376804843969,20.587577159291502,SCN2A,Rare_Diseases_AutoRIF_Gene_Lists,RR1_all_noninv
Rare_Diseases_AutoRIF_Gene_Lists,Warthin's tumor,2/163,0.0113913007147331,0.1938629624694713,0,0,13.677708764665288,61.2064515808089,ADIPOQ;BUB1,Rare_Diseases_AutoRIF_Gene_Lists,RR1_all_noninv
Rare_Diseases_AutoRIF_Gene_Lists,Testicular cancer,1/115,0.108978303522462,0.1938629624694713,0,0,9.171745152354571,20.330149616722807,CYP11A1,Rare_Diseases_AutoRIF_Gene_Lists,RR1_all_noninv
Rare_Diseases_AutoRIF_Gene_Lists,Adrenomyeloneuropathy,1/116,0.1098744767967273,0.1938629624694713,0,0,9.091533180778033,20.077893566776314,CYP11A1,Rare_Diseases_AutoRIF_Gene_Lists,RR1_all_noninv
KEGG_2019_Mouse,Chemokine signaling pathway,3/197,0.000948214587003201,0.0350839397191184,0,0,17.998180715585203,125.28407111610832,CCL12;CCL7;CCL21A,KEGG_2019_Mouse,RR1_all_noninv
KEGG_2019_Mouse,Cytokine-cytokine receptor interaction,3/292,0.0029210371450299,0.0454894988099343,0,0,12.023814370038671,70.16877476388075,CCL12;CCL7;CCL21A,KEGG_2019_Mouse,RR1_all_noninv
KEGG_2019_Mouse,IL-17 signaling pathway,2/91,0.003688337741346,0.0454894988099343,0,0,24.83270911360799,139.12722450187454,CCL12;CCL7,KEGG_2019_Mouse,RR1_all_noninv
KEGG_2019_Mouse,Cell cycle,2/123,0.0066298668707233,0.0613262685541909,0,0,18.23599632690542,91.47486781276542,ORC1;BUB1,KEGG_2019_Mouse,RR1_all_noninv
KEGG_2019_Mouse,Fluid shear stress and atherosclerosis,2/143,0.0088649770095239,0.0656008298704772,0,0,15.63356973995272,73.87873089122361,CCL12;GSTA1,KEGG_2019_Mouse,RR1_all_noninv
KEGG_2019_Mouse,Ascorbate and aldarate metabolism,1/27,0.0266688455361458,0.1451912729099611,0,0,40.392712550607285,146.39366123411943,MIOX,KEGG_2019_Mouse,RR1_all_noninv
KEGG_2019_Mouse,Type II diabetes mellitus,1/48,0.0469427643840033,0.1451912729099611,0,0,22.32138857782755,68.27724816722397,ADIPOQ,KEGG_2019_Mouse,RR1_all_noninv
KEGG_2019_Mouse,Malaria,1/49,0.0478981120694178,0.1451912729099611,0,0,21.855263157894736,66.41113333547993,CCL12,KEGG_2019_Mouse,RR1_all_noninv
KEGG_2019_Mouse,Ovarian steroidogenesis,1/57,0.0555082103235644,0.1451912729099611,0,0,18.72556390977444,54.1398060702703,CYP11A1,KEGG_2019_Mouse,RR1_all_noninv
KEGG_2019_Mouse,Glutathione metabolism,1/64,0.0621196118687717,0.1451912729099611,0,0,16.639097744360903,46.23495322747936,GSTA1,KEGG_2019_Mouse,RR1_all_noninv
KEGG_2019_Mouse,Metabolism of xenobiotics by cytochrome P450,1/66,0.0640004936134332,0.1451912729099611,0,0,16.125506072874494,44.32683091319527,GSTA1,KEGG_2019_Mouse,RR1_all_noninv
KEGG_2019_Mouse,Cortisol synthesis and secretion,1/69,0.0668150987603724,0.1451912729099611,0,0,15.411764705882351,41.70155664670343,CYP11A1,KEGG_2019_Mouse,RR1_all_noninv
KEGG_2019_Mouse,Adipocytokine signaling pathway,1/71,0.0686870333104677,0.1451912729099611,0,0,14.969924812030076,40.09237540517205,ADIPOQ,KEGG_2019_Mouse,RR1_all_noninv
KEGG_2019_Mouse,Inositol phosphate metabolism,1/73,0.0705554002871621,0.1451912729099611,0,0,14.552631578947368,38.5842224505161,MIOX,KEGG_2019_Mouse,RR1_all_noninv
KEGG_2019_Mouse,Rheumatoid arthritis,1/84,0.0807679353123666,0.1451912729099611,0,0,12.61699429296132,31.74656854741361,CCL12,KEGG_2019_Mouse,RR1_all_noninv
KEGG_2019_Mouse,PPAR signaling pathway,1/85,0.0816910427282763,0.1451912729099611,0,0,12.466165413533837,31.225387249064404,ADIPOQ,KEGG_2019_Mouse,RR1_all_noninv
KEGG_2019_Mouse,Taste transduction,1/88,0.0844550840845328,0.1451912729099611,0,0,12.03448275862069,29.7436505826784,SCN2A,KEGG_2019_Mouse,RR1_all_noninv
KEGG_2019_Mouse,Steroid hormone biosynthesis,1/89,0.0853746735440269,0.1451912729099611,0,0,11.897129186602871,29.27533461302574,CYP11A1,KEGG_2019_Mouse,RR1_all_noninv
KEGG_2019_Mouse,Progesterone-mediated oocyte maturation,1/90,0.0862933855050247,0.1451912729099611,0,0,11.762862211709049,28.81903981668561,BUB1,KEGG_2019_Mouse,RR1_all_noninv
KEGG_2019_Mouse,Chemical carcinogenesis,1/94,0.0899594741237405,0.1451912729099611,0,0,11.254668930390492,27.10569960599241,GSTA1,KEGG_2019_Mouse,RR1_all_noninv
WikiPathways_2024_Mouse,Chemokine Signaling Pathway WP2292,3/176,0.0006840089612801364,0.0088921164966417,0,0,20.204352261135668,147.2400159657549,CCL12;CCL7;CCL21A,WikiPathways_2024_Mouse,RR1_all_noninv
WikiPathways_2024_Mouse,Peroxiredoxin 2 Induced Ovarian Failure WP4835,1/7,0.0069799958941807,0.0323610547792551,0,0,175.21052631578948,869.8689177892479,CYP11A1,WikiPathways_2024_Mouse,RR1_all_noninv
WikiPathways_2024_Mouse,Metapathway Biotransformation WP1251,2/140,0.0085108669895334,0.0323610547792551,0,0,15.97584541062802,76.1474526911422,CYP11A1;GSTA1,WikiPathways_2024_Mouse,RR1_all_noninv
WikiPathways_2024_Mouse,Leptin And Adiponectin WP683,1/10,0.0099572476243861,0.0323610547792551,0,0,116.78947368421052,538.3357753631753,ADIPOQ,WikiPathways_2024_Mouse,RR1_all_noninv
WikiPathways_2024_Mouse,Estrogen Metabolism WP1264,1/13,0.0129260209528938,0.033607654477524,0,0,87.57894736842105,380.8381798737429,GSTA1,WikiPathways_2024_Mouse,RR1_all_noninv
WikiPathways_2024_Mouse,Glutathione Metabolism WP164,1/19,0.0188382206720142,0.0408161447893642,0,0,58.36842105263158,231.8316321803268,GSTA1,WikiPathways_2024_Mouse,RR1_all_noninv
WikiPathways_2024_Mouse,Prostaglandin Synthesis And Regulation WP374,1/30,0.0295899955032417,0.0549528487917346,0,0,36.2087114337568,127.46621354176987,CYP11A1,WikiPathways_2024_Mouse,RR1_all_noninv
WikiPathways_2024_Mouse,Oxidation By Cytochrome P450 WP1274,1/40,0.039267132268101,0.0638090899356641,0,0,26.910931174089068,87.12057233834933,CYP11A1,WikiPathways_2024_Mouse,RR1_all_noninv
WikiPathways_2024_Mouse,G1 To S Cell Cycle Control WP413,1/60,0.058347071283324,0.0842791029648014,0,0,17.770740410347905,50.492824203227855,ORC1,WikiPathways_2024_Mouse,RR1_all_noninv
WikiPathways_2024_Mouse,PPAR Signaling Pathway WP2316,1/81,0.0779933209779836,0.1013913172713787,0,0,13.092105263157896,33.39968978978988,ADIPOQ,WikiPathways_2024_Mouse,RR1_all_noninv
WikiPathways_2024_Mouse,Oxidative Stress And Redox Pathway WP4466,1/92,0.0881281800641533,0.104151485530363,0,0,11.50318102949682,27.94080032839929,GSTA1,WikiPathways_2024_Mouse,RR1_all_noninv
WikiPathways_2024_Mouse,Comprehensive IL 17A Signaling WP5242,1/103,0.0981571479706876,0.1063369103015783,0,0,10.256965944272446,23.808320971600697,ORC1,WikiPathways_2024_Mouse,RR1_all_noninv
WikiPathways_2024_Mouse,Adipogenesis Genes WP447,1/134,0.1258599124312047,0.1258599124312047,0,0,7.853977047882865,16.27804127663435,ADIPOQ,WikiPathways_2024_Mouse,RR1_all_noninv
MGI_Mammalian_Phenotype_Level_4_2024,Maternal Effect MP:0003718,2/85,0.0032270347482887,0.0802412387650758,0,0,26.63587684069612,152.78849293856263,ADIPOQ;BUB1,MGI_Mammalian_Phenotype_Level_4_2024,RR1_all_noninv
MGI_Mammalian_Phenotype_Level_4_2024,Abnormal Lipid Level MP:0001547,2/94,0.0039298718288353,0.0802412387650758,0,0,24.019323671497585,133.04659989721253,CYP11A1;ADIPOQ,MGI_Mammalian_Phenotype_Level_4_2024,RR1_all_noninv
MGI_Mammalian_Phenotype_Level_4_2024,Decreased Insulin Secretion MP:0003059,2/102,0.0046090529183839,0.0802412387650758,0,0,22.08888888888889,118.83232192165296,ADIPOQ;MYRIP,MGI_Mammalian_Phenotype_Level_4_2024,RR1_all_noninv
MGI_Mammalian_Phenotype_Level_4_2024,Abnormal Monocyte Morphology MP:0002620,1/7,0.0069799958941807,0.0802412387650758,0,0,175.21052631578948,869.8689177892479,CCL7,MGI_Mammalian_Phenotype_Level_4_2024,RR1_all_noninv
MGI_Mammalian_Phenotype_Level_4_2024,Decreased Vestibular Hair Cell Stereocilia Number MP:0004517,1/7,0.0069799958941807,0.0802412387650758,0,0,175.21052631578948,869.8689177892479,CIB3,MGI_Mammalian_Phenotype_Level_4_2024,RR1_all_noninv
MGI_Mammalian_Phenotype_Level_4_2024,Abnormal Adrenal Gland Zona Fasciculata Morphology MP:0008294,1/8,0.0079733565142536,0.0802412387650758,0,0,150.17293233082708,725.5830081396662,CYP11A1,MGI_Mammalian_Phenotype_Level_4_2024,RR1_all_noninv
MGI_Mammalian_Phenotype_Level_4_2024,Retrolental Blood MP:0014087,1/9,0.0089657734963174,0.0802412387650758,0,0,131.39473684210526,619.439581424405,CYP11A1,MGI_Mammalian_Phenotype_Level_4_2024,RR1_all_noninv
MGI_Mammalian_Phenotype_Level_4_2024,Increased Circulating Adrenocorticotropin Level MP:0001748,1/12,0.0119373705403343,0.0802412387650758,0,0,95.54545454545456,423.0830518492731,CYP11A1,MGI_Mammalian_Phenotype_Level_4_2024,RR1_all_noninv
MGI_Mammalian_Phenotype_Level_4_2024,Increased Core Body Temperature MP:0011016,1/13,0.0129260209528938,0.0802412387650758,0,0,87.57894736842105,380.8381798737429,ADIPOQ,MGI_Mammalian_Phenotype_Level_4_2024,RR1_all_noninv
MGI_Mammalian_Phenotype_Level_4_2024,Abnormal Hemoglobin MP:0001588,1/13,0.0129260209528938,0.0802412387650758,0,0,87.57894736842105,380.8381798737429,SCN2A,MGI_Mammalian_Phenotype_Level_4_2024,RR1_all_noninv
MGI_Mammalian_Phenotype_Level_4_2024,Abnormal Inguinal Fat Pad Morphology MP:0005336,1/13,0.0129260209528938,0.0802412387650758,0,0,87.57894736842105,380.8381798737429,ADIPOQ,MGI_Mammalian_Phenotype_Level_4_2024,RR1_all_noninv
MGI_Mammalian_Phenotype_Level_4_2024,Decreased Susceptibility To Induced Hypothermia MP:0020523,1/13,0.0129260209528938,0.0802412387650758,0,0,87.57894736842105,380.8381798737429,ADIPOQ,MGI_Mammalian_Phenotype_Level_4_2024,RR1_all_noninv
MGI_Mammalian_Phenotype_Level_4_2024,Abnormal Corticosterone Level MP:0003963,1/13,0.0129260209528938,0.0802412387650758,0,0,87.57894736842105,380.8381798737429,CYP11A1,MGI_Mammalian_Phenotype_Level_4_2024,RR1_all_noninv
MGI_Mammalian_Phenotype_Level_4_2024,Decreased Circulating Aldosterone Level MP:0002667,1/13,0.0129260209528938,0.0802412387650758,0,0,87.57894736842105,380.8381798737429,CYP11A1,MGI_Mammalian_Phenotype_Level_4_2024,RR1_all_noninv
MGI_Mammalian_Phenotype_Level_4_2024,Abnormal Vas Deferens Morphology MP:0002769,1/14,0.01391373176082,0.0802412387650758,0,0,80.83805668016194,345.57291333057793,CYP11A1,MGI_Mammalian_Phenotype_Level_4_2024,RR1_all_noninv
MGI_Mammalian_Phenotype_Level_4_2024,Increased Noradrenaline Level MP:0012575,1/14,0.01391373176082,0.0802412387650758,0,0,80.83805668016194,345.57291333057793,ADIPOQ,MGI_Mammalian_Phenotype_Level_4_2024,RR1_all_noninv
MGI_Mammalian_Phenotype_Level_4_2024,Dilated Bile Duct MP:0003253,1/15,0.0149005037888985,0.0802412387650758,0,0,75.06015037593986,315.7300332957057,CYP11A1,MGI_Mammalian_Phenotype_Level_4_2024,RR1_all_noninv
MGI_Mammalian_Phenotype_Level_4_2024,Abnormal Epididymis Epithelium Morphology MP:0004933,1/15,0.0149005037888985,0.0802412387650758,0,0,75.06015037593986,315.7300332957057,CYP11A1,MGI_Mammalian_Phenotype_Level_4_2024,RR1_all_noninv
MGI_Mammalian_Phenotype_Level_4_2024,Abnormal Energy Homeostasis MP:0005448,1/16,0.0158863378646896,0.0802412387650758,0,0,70.05263157894737,290.1787210723924,ADIPOQ,MGI_Mammalian_Phenotype_Level_4_2024,RR1_all_noninv
MGI_Mammalian_Phenotype_Level_4_2024,Decreased Fibroblast Apoptosis MP:0013502,1/16,0.0158863378646896,0.0802412387650758,0,0,70.05263157894737,290.1787210723924,BUB1,MGI_Mammalian_Phenotype_Level_4_2024,RR1_all_noninv
Mouse_Gene_Atlas,osteoclasts,1/110,0.1044845651566293,0.5643513882857075,0,0,9.594881699662,21.67211204877382,BUB1,Mouse_Gene_Atlas,RR1_all_noninv
Mouse_Gene_Atlas,ovary,1/153,0.1424373812642738,0.5643513882857075,0,0,6.865650969529086,13.380143154067955,CYP11A1,Mouse_Gene_Atlas,RR1_all_noninv
Mouse_Gene_Atlas,macrophage bone marrow 6hr LPS,2/730,0.1644038001166013,0.5643513882857075,0,0,2.9383394383394386,5.304965236484359,CCL12;CCL7,Mouse_Gene_Atlas,RR1_all_noninv
Mouse_Gene_Atlas,adipose white,1/199,0.1813443049449992,0.5643513882857075,0,0,5.258373205741627,8.977924599699485,ADIPOQ,Mouse_Gene_Atlas,RR1_all_noninv
Mouse_Gene_Atlas,umbilical cord,1/208,0.1887577386701542,0.5643513882857075,0,0,5.02745995423341,8.382238192173734,MUC16,Mouse_Gene_Atlas,RR1_all_noninv
Mouse_Gene_Atlas,adrenal gland,1/245,0.2185704849775349,0.5643513882857075,0,0,4.257118205349439,6.473572881408745,CYP11A1,Mouse_Gene_Atlas,RR1_all_noninv
Mouse_Gene_Atlas,pituitary,1/294,0.2564531517383775,0.5643513882857075,0,0,3.536375067361236,4.812331992773296,TRIM66,Mouse_Gene_Atlas,RR1_all_noninv
Mouse_Gene_Atlas,macrophage bone marrow 2hr LPS,1/365,0.3082617749549645,0.5643513882857075,0,0,2.8363215731636786,3.337800070227356,CCL7,Mouse_Gene_Atlas,RR1_all_noninv
Mouse_Gene_Atlas,intestine large,1/374,0.3145786454186745,0.5643513882857075,0,0,2.7666149287427686,3.199648732056059,CDHR2,Mouse_Gene_Atlas,RR1_all_noninv
Mouse_Gene_Atlas,thymocyte DP CD4+CD8+,1/410,0.3393023619349494,0.5643513882857075,0,0,2.5184660918800668,2.722118442439176,CYP11A1,Mouse_Gene_Atlas,RR1_all_noninv
Mouse_Gene_Atlas,bone marrow,1/413,0.3413239727519089,0.5643513882857075,0,0,2.4997445068983137,2.6870333295541804,ORC1,Mouse_Gene_Atlas,RR1_all_noninv
Mouse_Gene_Atlas,adipose brown,1/456,0.3696623813155064,0.5643513882857075,0,0,2.2585309427414693,2.2476113359998484,ADIPOQ,Mouse_Gene_Atlas,RR1_all_noninv
Mouse_Gene_Atlas,intestine small,1/466,0.376084665533411,0.5643513882857075,0,0,2.208828522920204,2.160103945043438,CDHR2,Mouse_Gene_Atlas,RR1_all_noninv
Mouse_Gene_Atlas,retinal pigment epithelium,1/473,0.3805432247125128,0.5643513882857075,0,0,2.1752899197145408,2.101668338217164,MYRIP,Mouse_Gene_Atlas,RR1_all_noninv
Mouse_Gene_Atlas,mast cells,1/515,0.4066654978228012,0.5643513882857075,0,0,1.9932418595125947,1.7934478746937177,CYP11A1,Mouse_Gene_Atlas,RR1_all_noninv
Mouse_Gene_Atlas,kidney,1/554,0.4299820101224438,0.5643513882857075,0,0,1.8489578376320548,1.5605424325256798,MIOX,Mouse_Gene_Atlas,RR1_all_noninv
Mouse_Gene_Atlas,embryonic stem line V26 2 p16,1/728,0.5238097453490451,0.6441980383861075,0,0,1.3938318974878738,0.901288978748826,ORC1,Mouse_Gene_Atlas,RR1_all_noninv
Mouse_Gene_Atlas,eyecup,1/828,0.5708877253828453,0.6441980383861075,0,0,1.218927003118437,0.6832850323404875,CAPN12,Mouse_Gene_Atlas,RR1_all_noninv
Mouse_Gene_Atlas,embryonic stem line Bruce4 p13,1/876,0.5918813108838149,0.6441980383861075,0,0,1.149172932330827,0.6026827705179115,ORC1,Mouse_Gene_Atlas,RR1_all_noninv
Mouse_Gene_Atlas,liver,1/928,0.6135219413201023,0.6441980383861075,0,0,1.0817577925396014,0.5284811420528013,CIB3,Mouse_Gene_Atlas,RR1_all_noninv
